Map,Team,Player,Agent,ACS,Kills,Deaths,Assists,FirstKills,Winner,MapScore,Date,MatchID,MatchURL
Fracture,TL,Keiko,brimstone,223,19,17,11,2,False,10‑13,2025-01-16,1,https://www.vlr.gg/429379/team-liquid-vs-koi-champions-tour-2025-emea-kickoff-ur1
Fracture,TL,kamyk,sage,204,18,14,4,3,False,10‑13,2025-01-16,1,https://www.vlr.gg/429379/team-liquid-vs-koi-champions-tour-2025-emea-kickoff-ur1
Fracture,TL,paTiTek,breach,196,14,16,10,1,False,10‑13,2025-01-16,1,https://www.vlr.gg/429379/team-liquid-vs-koi-champions-tour-2025-emea-kickoff-ur1
Fracture,TL,nAts,cypher,166,13,20,5,3,False,10‑13,2025-01-16,1,https://www.vlr.gg/429379/team-liquid-vs-koi-champions-tour-2025-emea-kickoff-ur1
Fracture,TL,kamo,gekko,134,11,18,5,4,False,10‑13,2025-01-16,1,https://www.vlr.gg/429379/team-liquid-vs-koi-champions-tour-2025-emea-kickoff-ur1
Fracture,MKOI,grubinho,brimstone,245,20,14,13,4,True,10‑13,2025-01-16,1,https://www.vlr.gg/429379/team-liquid-vs-koi-champions-tour-2025-emea-kickoff-ur1
Fracture,MKOI,Filu,yoru,246,22,16,3,3,True,10‑13,2025-01-16,1,https://www.vlr.gg/429379/team-liquid-vs-koi-champions-tour-2025-emea-kickoff-ur1
Fracture,MKOI,sheydos,tejo,195,15,14,7,2,True,10‑13,2025-01-16,1,https://www.vlr.gg/429379/team-liquid-vs-koi-champions-tour-2025-emea-kickoff-ur1
Fracture,MKOI,flyuh,killjoy,168,14,14,1,1,True,10‑13,2025-01-16,1,https://www.vlr.gg/429379/team-liquid-vs-koi-champions-tour-2025-emea-kickoff-ur1
Fracture,MKOI,soulcas,vyse,163,14,17,2,0,True,10‑13,2025-01-16,1,https://www.vlr.gg/429379/team-liquid-vs-koi-champions-tour-2025-emea-kickoff-ur1
Abyss,TL,Keiko,omen,293,18,7,5,4,True,13‑3,2025-01-16,1,https://www.vlr.gg/429379/team-liquid-vs-koi-champions-tour-2025-emea-kickoff-ur1
Abyss,TL,paTiTek,kayo,249,15,8,13,1,True,13‑3,2025-01-16,1,https://www.vlr.gg/429379/team-liquid-vs-koi-champions-tour-2025-emea-kickoff-ur1
Abyss,TL,nAts,cypher,225,14,9,2,4,True,13‑3,2025-01-16,1,https://www.vlr.gg/429379/team-liquid-vs-koi-champions-tour-2025-emea-kickoff-ur1
Abyss,TL,kamyk,sova,166,11,7,3,0,True,13‑3,2025-01-16,1,https://www.vlr.gg/429379/team-liquid-vs-koi-champions-tour-2025-emea-kickoff-ur1
Abyss,TL,kamo,jett,192,12,14,0,2,True,13‑3,2025-01-16,1,https://www.vlr.gg/429379/team-liquid-vs-koi-champions-tour-2025-emea-kickoff-ur1
Abyss,MKOI,Filu,jett,289,14,15,3,2,False,13‑3,2025-01-16,1,https://www.vlr.gg/429379/team-liquid-vs-koi-champions-tour-2025-emea-kickoff-ur1
Abyss,MKOI,soulcas,cypher,149,9,12,2,1,False,13‑3,2025-01-16,1,https://www.vlr.gg/429379/team-liquid-vs-koi-champions-tour-2025-emea-kickoff-ur1
Abyss,MKOI,flyuh,kayo,188,10,15,5,2,False,13‑3,2025-01-16,1,https://www.vlr.gg/429379/team-liquid-vs-koi-champions-tour-2025-emea-kickoff-ur1
Abyss,MKOI,grubinho,astra,139,8,14,5,0,False,13‑3,2025-01-16,1,https://www.vlr.gg/429379/team-liquid-vs-koi-champions-tour-2025-emea-kickoff-ur1
Abyss,MKOI,sheydos,sova,92,4,14,4,0,False,13‑3,2025-01-16,1,https://www.vlr.gg/429379/team-liquid-vs-koi-champions-tour-2025-emea-kickoff-ur1
Abyss,KC,SUYGETSU,astra,225,19,13,7,1,False,10‑13,2025-01-15,2,https://www.vlr.gg/429380/karmine-corp-vs-natus-vincere-champions-tour-2025-emea-kickoff-ur1
Abyss,KC,marteen,yoru,194,14,16,9,5,False,10‑13,2025-01-15,2,https://www.vlr.gg/429380/karmine-corp-vs-natus-vincere-champions-tour-2025-emea-kickoff-ur1
Abyss,KC,Avez,fade,178,13,17,8,1,False,10‑13,2025-01-15,2,https://www.vlr.gg/429380/karmine-corp-vs-natus-vincere-champions-tour-2025-emea-kickoff-ur1
Abyss,KC,Elite,vyse,171,15,17,5,3,False,10‑13,2025-01-15,2,https://www.vlr.gg/429380/karmine-corp-vs-natus-vincere-champions-tour-2025-emea-kickoff-ur1
Abyss,KC,saadhak,harbor,141,11,18,8,0,False,10‑13,2025-01-15,2,https://www.vlr.gg/429380/karmine-corp-vs-natus-vincere-champions-tour-2025-emea-kickoff-ur1
Abyss,NAVI,hiro,omen,216,20,13,12,0,True,10‑13,2025-01-15,2,https://www.vlr.gg/429380/karmine-corp-vs-natus-vincere-champions-tour-2025-emea-kickoff-ur1
Abyss,NAVI,koalanoob,jett,274,24,16,4,6,True,10‑13,2025-01-15,2,https://www.vlr.gg/429380/karmine-corp-vs-natus-vincere-champions-tour-2025-emea-kickoff-ur1
Abyss,NAVI,Shao,sova,191,16,12,10,2,True,10‑13,2025-01-15,2,https://www.vlr.gg/429380/karmine-corp-vs-natus-vincere-champions-tour-2025-emea-kickoff-ur1
Abyss,NAVI,Ruxic,astra,170,12,16,14,1,True,10‑13,2025-01-15,2,https://www.vlr.gg/429380/karmine-corp-vs-natus-vincere-champions-tour-2025-emea-kickoff-ur1
Abyss,NAVI,ANGE1,kayo,121,8,15,11,4,True,10‑13,2025-01-15,2,https://www.vlr.gg/429380/karmine-corp-vs-natus-vincere-champions-tour-2025-emea-kickoff-ur1
Bind,KC,Avez,gekko,238,15,4,2,1,True,13‑2,2025-01-15,2,https://www.vlr.gg/429380/karmine-corp-vs-natus-vincere-champions-tour-2025-emea-kickoff-ur1
Bind,KC,SUYGETSU,astra,233,13,7,5,3,True,13‑2,2025-01-15,2,https://www.vlr.gg/429380/karmine-corp-vs-natus-vincere-champions-tour-2025-emea-kickoff-ur1
Bind,KC,saadhak,deadlock,139,8,5,6,2,True,13‑2,2025-01-15,2,https://www.vlr.gg/429380/karmine-corp-vs-natus-vincere-champions-tour-2025-emea-kickoff-ur1
Bind,KC,Elite,vyse,185,9,7,5,0,True,13‑2,2025-01-15,2,https://www.vlr.gg/429380/karmine-corp-vs-natus-vincere-champions-tour-2025-emea-kickoff-ur1
Bind,KC,marteen,yoru,243,14,11,2,2,True,13‑2,2025-01-15,2,https://www.vlr.gg/429380/karmine-corp-vs-natus-vincere-champions-tour-2025-emea-kickoff-ur1
Bind,NAVI,Ruxic,brimstone,261,12,11,8,2,False,13‑2,2025-01-15,2,https://www.vlr.gg/429380/karmine-corp-vs-natus-vincere-champions-tour-2025-emea-kickoff-ur1
Bind,NAVI,Shao,gekko,88,5,10,1,1,False,13‑2,2025-01-15,2,https://www.vlr.gg/429380/karmine-corp-vs-natus-vincere-champions-tour-2025-emea-kickoff-ur1
Bind,NAVI,koalanoob,raze,138,6,12,1,2,False,13‑2,2025-01-15,2,https://www.vlr.gg/429380/karmine-corp-vs-natus-vincere-champions-tour-2025-emea-kickoff-ur1
Bind,NAVI,ANGE1,kayo,163,8,14,6,2,False,13‑2,2025-01-15,2,https://www.vlr.gg/429380/karmine-corp-vs-natus-vincere-champions-tour-2025-emea-kickoff-ur1
Bind,NAVI,hiro,vyse,86,3,12,3,0,False,13‑2,2025-01-15,2,https://www.vlr.gg/429380/karmine-corp-vs-natus-vincere-champions-tour-2025-emea-kickoff-ur1
Lotus,BBL,LewN,raze,298,22,13,5,6,True,13‑9,2025-01-15,3,https://www.vlr.gg/429381/bbl-esports-vs-giantx-champions-tour-2025-emea-kickoff-ur1
Lotus,BBL,PROFEK,omen,235,19,14,8,3,True,13‑9,2025-01-15,3,https://www.vlr.gg/429381/bbl-esports-vs-giantx-champions-tour-2025-emea-kickoff-ur1
Lotus,BBL,sociablEE,fade,204,17,12,6,1,True,13‑9,2025-01-15,3,https://www.vlr.gg/429381/bbl-esports-vs-giantx-champions-tour-2025-emea-kickoff-ur1
Lotus,BBL,Jamppi,breach,182,14,14,12,2,True,13‑9,2025-01-15,3,https://www.vlr.gg/429381/bbl-esports-vs-giantx-champions-tour-2025-emea-kickoff-ur1
Lotus,BBL,vakk,cypher,142,12,15,4,1,True,13‑9,2025-01-15,3,https://www.vlr.gg/429381/bbl-esports-vs-giantx-champions-tour-2025-emea-kickoff-ur1
Lotus,GX,westside,viper,196,17,15,5,2,False,13‑9,2025-01-15,3,https://www.vlr.gg/429381/bbl-esports-vs-giantx-champions-tour-2025-emea-kickoff-ur1
Lotus,GX,Cloud,fade,239,17,18,6,4,False,13‑9,2025-01-15,3,https://www.vlr.gg/429381/bbl-esports-vs-giantx-champions-tour-2025-emea-kickoff-ur1
Lotus,GX,runneR,vyse,139,11,14,10,1,False,13‑9,2025-01-15,3,https://www.vlr.gg/429381/bbl-esports-vs-giantx-champions-tour-2025-emea-kickoff-ur1
Lotus,GX,tomaszy,omen,143,11,17,7,1,False,13‑9,2025-01-15,3,https://www.vlr.gg/429381/bbl-esports-vs-giantx-champions-tour-2025-emea-kickoff-ur1
Lotus,GX,purp0,raze,147,12,20,3,1,False,13‑9,2025-01-15,3,https://www.vlr.gg/429381/bbl-esports-vs-giantx-champions-tour-2025-emea-kickoff-ur1
Haven,BBL,PROFEK,omen,201,20,17,5,2,False,12‑14,2025-01-15,3,https://www.vlr.gg/429381/bbl-esports-vs-giantx-champions-tour-2025-emea-kickoff-ur1
Haven,BBL,LewN,jett,264,25,20,2,9,False,12‑14,2025-01-15,3,https://www.vlr.gg/429381/bbl-esports-vs-giantx-champions-tour-2025-emea-kickoff-ur1
Haven,BBL,sociablEE,sova,171,16,16,3,1,False,12‑14,2025-01-15,3,https://www.vlr.gg/429381/bbl-esports-vs-giantx-champions-tour-2025-emea-kickoff-ur1
Haven,BBL,Jamppi,breach,172,15,17,7,1,False,12‑14,2025-01-15,3,https://www.vlr.gg/429381/bbl-esports-vs-giantx-champions-tour-2025-emea-kickoff-ur1
Haven,BBL,vakk,cypher,118,10,22,8,1,False,12‑14,2025-01-15,3,https://www.vlr.gg/429381/bbl-esports-vs-giantx-champions-tour-2025-emea-kickoff-ur1
Haven,GX,tomaszy,omen,251,23,16,11,2,True,12‑14,2025-01-15,3,https://www.vlr.gg/429381/bbl-esports-vs-giantx-champions-tour-2025-emea-kickoff-ur1
Haven,GX,Cloud,sova,207,18,17,5,3,True,12‑14,2025-01-15,3,https://www.vlr.gg/429381/bbl-esports-vs-giantx-champions-tour-2025-emea-kickoff-ur1
Haven,GX,westside,killjoy,192,17,17,7,1,True,12‑14,2025-01-15,3,https://www.vlr.gg/429381/bbl-esports-vs-giantx-champions-tour-2025-emea-kickoff-ur1
Haven,GX,runneR,breach,165,15,17,11,0,True,12‑14,2025-01-15,3,https://www.vlr.gg/429381/bbl-esports-vs-giantx-champions-tour-2025-emea-kickoff-ur1
Haven,GX,purp0,jett,201,19,19,4,6,True,12‑14,2025-01-15,3,https://www.vlr.gg/429381/bbl-esports-vs-giantx-champions-tour-2025-emea-kickoff-ur1
Pearl,APK,florescent,jett,279,20,17,1,4,False,7‑13,2025-01-16,4,https://www.vlr.gg/429382/apeks-vs-gentle-mates-champions-tour-2025-emea-kickoff-ur1
Pearl,APK,AvovA,astra,180,12,15,6,3,False,7‑13,2025-01-16,4,https://www.vlr.gg/429382/apeks-vs-gentle-mates-champions-tour-2025-emea-kickoff-ur1
Pearl,APK,MOLSI,kayo,145,9,16,11,0,False,7‑13,2025-01-16,4,https://www.vlr.gg/429382/apeks-vs-gentle-mates-champions-tour-2025-emea-kickoff-ur1
Pearl,APK,oderus,fade,127,8,18,7,0,False,7‑13,2025-01-16,4,https://www.vlr.gg/429382/apeks-vs-gentle-mates-champions-tour-2025-emea-kickoff-ur1
Pearl,APK,hype,killjoy,86,6,18,4,1,False,7‑13,2025-01-16,4,https://www.vlr.gg/429382/apeks-vs-gentle-mates-champions-tour-2025-emea-kickoff-ur1
Pearl,M8,Click,jett,252,20,11,3,3,True,7‑13,2025-01-16,4,https://www.vlr.gg/429382/apeks-vs-gentle-mates-champions-tour-2025-emea-kickoff-ur1
Pearl,M8,RobbieBk,sova,250,18,10,6,1,True,7‑13,2025-01-16,4,https://www.vlr.gg/429382/apeks-vs-gentle-mates-champions-tour-2025-emea-kickoff-ur1
Pearl,M8,Minny,killjoy,232,17,12,5,3,True,7‑13,2025-01-16,4,https://www.vlr.gg/429382/apeks-vs-gentle-mates-champions-tour-2025-emea-kickoff-ur1
Pearl,M8,Zyppan,kayo,217,17,11,11,2,True,7‑13,2025-01-16,4,https://www.vlr.gg/429382/apeks-vs-gentle-mates-champions-tour-2025-emea-kickoff-ur1
Pearl,M8,Kada,astra,161,12,11,6,3,True,7‑13,2025-01-16,4,https://www.vlr.gg/429382/apeks-vs-gentle-mates-champions-tour-2025-emea-kickoff-ur1
Haven,APK,oderus,sova,242,23,16,6,0,False,12‑14,2025-01-16,4,https://www.vlr.gg/429382/apeks-vs-gentle-mates-champions-tour-2025-emea-kickoff-ur1
Haven,APK,hype,killjoy,235,21,18,2,3,False,12‑14,2025-01-16,4,https://www.vlr.gg/429382/apeks-vs-gentle-mates-champions-tour-2025-emea-kickoff-ur1
Haven,APK,florescent,jett,209,19,19,2,4,False,12‑14,2025-01-16,4,https://www.vlr.gg/429382/apeks-vs-gentle-mates-champions-tour-2025-emea-kickoff-ur1
Haven,APK,AvovA,omen,185,17,19,11,3,False,12‑14,2025-01-16,4,https://www.vlr.gg/429382/apeks-vs-gentle-mates-champions-tour-2025-emea-kickoff-ur1
Haven,APK,MOLSI,breach,120,10,18,12,1,False,12‑14,2025-01-16,4,https://www.vlr.gg/429382/apeks-vs-gentle-mates-champions-tour-2025-emea-kickoff-ur1
Haven,M8,Minny,cypher,242,25,17,6,1,True,12‑14,2025-01-16,4,https://www.vlr.gg/429382/apeks-vs-gentle-mates-champions-tour-2025-emea-kickoff-ur1
Haven,M8,Zyppan,breach,219,22,18,5,2,True,12‑14,2025-01-16,4,https://www.vlr.gg/429382/apeks-vs-gentle-mates-champions-tour-2025-emea-kickoff-ur1
Haven,M8,Click,neon,270,23,22,4,9,True,12‑14,2025-01-16,4,https://www.vlr.gg/429382/apeks-vs-gentle-mates-champions-tour-2025-emea-kickoff-ur1
Haven,M8,Kada,omen,144,12,16,13,1,True,12‑14,2025-01-16,4,https://www.vlr.gg/429382/apeks-vs-gentle-mates-champions-tour-2025-emea-kickoff-ur1
Haven,M8,RobbieBk,sova,109,8,17,7,2,True,12‑14,2025-01-16,4,https://www.vlr.gg/429382/apeks-vs-gentle-mates-champions-tour-2025-emea-kickoff-ur1
Pearl,FUT,qRaxs,fade,253,19,13,3,4,True,13‑7,2025-01-22,5,https://www.vlr.gg/429383/fut-esports-vs-team-liquid-champions-tour-2025-emea-kickoff-ubqf
Pearl,FUT,yetujey,cypher,222,15,13,6,2,True,13‑7,2025-01-22,5,https://www.vlr.gg/429383/fut-esports-vs-team-liquid-champions-tour-2025-emea-kickoff-ubqf
Pearl,FUT,xeus,yoru,193,16,12,3,3,True,13‑7,2025-01-22,5,https://www.vlr.gg/429383/fut-esports-vs-team-liquid-champions-tour-2025-emea-kickoff-ubqf
Pearl,FUT,MrFaliN,tejo,191,15,13,4,1,True,13‑7,2025-01-22,5,https://www.vlr.gg/429383/fut-esports-vs-team-liquid-champions-tour-2025-emea-kickoff-ubqf
Pearl,FUT,AtaKaptan,astra,179,12,13,9,2,True,13‑7,2025-01-22,5,https://www.vlr.gg/429383/fut-esports-vs-team-liquid-champions-tour-2025-emea-kickoff-ubqf
Pearl,TL,kamyk,sova,213,14,15,6,2,False,13‑7,2025-01-22,5,https://www.vlr.gg/429383/fut-esports-vs-team-liquid-champions-tour-2025-emea-kickoff-ubqf
Pearl,TL,Keiko,astra,198,15,15,7,1,False,13‑7,2025-01-22,5,https://www.vlr.gg/429383/fut-esports-vs-team-liquid-champions-tour-2025-emea-kickoff-ubqf
Pearl,TL,nAts,cypher,243,17,16,6,0,False,13‑7,2025-01-22,5,https://www.vlr.gg/429383/fut-esports-vs-team-liquid-champions-tour-2025-emea-kickoff-ubqf
Pearl,TL,paTiTek,kayo,109,7,15,10,1,False,13‑7,2025-01-22,5,https://www.vlr.gg/429383/fut-esports-vs-team-liquid-champions-tour-2025-emea-kickoff-ubqf
Pearl,TL,kamo,jett,160,11,16,3,4,False,13‑7,2025-01-22,5,https://www.vlr.gg/429383/fut-esports-vs-team-liquid-champions-tour-2025-emea-kickoff-ubqf
Fracture,FUT,qRaxs,kayo,267,18,15,12,3,True,13‑6,2025-01-22,5,https://www.vlr.gg/429383/fut-esports-vs-team-liquid-champions-tour-2025-emea-kickoff-ubqf
Fracture,FUT,AtaKaptan,astra,245,17,13,9,1,True,13‑6,2025-01-22,5,https://www.vlr.gg/429383/fut-esports-vs-team-liquid-champions-tour-2025-emea-kickoff-ubqf
Fracture,FUT,yetujey,cypher,206,15,12,8,1,True,13‑6,2025-01-22,5,https://www.vlr.gg/429383/fut-esports-vs-team-liquid-champions-tour-2025-emea-kickoff-ubqf
Fracture,FUT,xeus,raze,231,16,16,4,5,True,13‑6,2025-01-22,5,https://www.vlr.gg/429383/fut-esports-vs-team-liquid-champions-tour-2025-emea-kickoff-ubqf
Fracture,FUT,MrFaliN,breach,187,13,12,5,1,True,13‑6,2025-01-22,5,https://www.vlr.gg/429383/fut-esports-vs-team-liquid-champions-tour-2025-emea-kickoff-ubqf
Fracture,TL,kamyk,sage,294,20,16,7,2,False,13‑6,2025-01-22,5,https://www.vlr.gg/429383/fut-esports-vs-team-liquid-champions-tour-2025-emea-kickoff-ubqf
Fracture,TL,kamo,gekko,248,17,17,5,1,False,13‑6,2025-01-22,5,https://www.vlr.gg/429383/fut-esports-vs-team-liquid-champions-tour-2025-emea-kickoff-ubqf
Fracture,TL,nAts,cypher,208,14,14,5,1,False,13‑6,2025-01-22,5,https://www.vlr.gg/429383/fut-esports-vs-team-liquid-champions-tour-2025-emea-kickoff-ubqf
Fracture,TL,paTiTek,breach,168,9,16,10,2,False,13‑6,2025-01-22,5,https://www.vlr.gg/429383/fut-esports-vs-team-liquid-champions-tour-2025-emea-kickoff-ubqf
Fracture,TL,Keiko,brimstone,146,8,16,4,2,False,13‑6,2025-01-22,5,https://www.vlr.gg/429383/fut-esports-vs-team-liquid-champions-tour-2025-emea-kickoff-ubqf
Haven,VIT,trexx,sova,263,15,10,8,1,True,13‑5,2025-01-17,6,https://www.vlr.gg/429384/team-vitality-vs-karmine-corp-champions-tour-2025-emea-kickoff-ubqf
Haven,VIT,Less,cypher,214,15,9,3,2,True,13‑5,2025-01-17,6,https://www.vlr.gg/429384/team-vitality-vs-karmine-corp-champions-tour-2025-emea-kickoff-ubqf
Haven,VIT,Kicks,omen,261,17,14,9,4,True,13‑5,2025-01-17,6,https://www.vlr.gg/429384/team-vitality-vs-karmine-corp-champions-tour-2025-emea-kickoff-ubqf
Haven,VIT,Derke,yoru,230,16,13,6,4,True,13‑5,2025-01-17,6,https://www.vlr.gg/429384/team-vitality-vs-karmine-corp-champions-tour-2025-emea-kickoff-ubqf
Haven,VIT,Sayf,iso,178,12,13,7,3,True,13‑5,2025-01-17,6,https://www.vlr.gg/429384/team-vitality-vs-karmine-corp-champions-tour-2025-emea-kickoff-ubqf
Haven,KC,SUYGETSU,omen,250,17,14,8,1,False,13‑5,2025-01-17,6,https://www.vlr.gg/429384/team-vitality-vs-karmine-corp-champions-tour-2025-emea-kickoff-ubqf
Haven,KC,Elite,killjoy,209,15,15,0,1,False,13‑5,2025-01-17,6,https://www.vlr.gg/429384/team-vitality-vs-karmine-corp-champions-tour-2025-emea-kickoff-ubqf
Haven,KC,Avez,fade,214,13,17,4,1,False,13‑5,2025-01-17,6,https://www.vlr.gg/429384/team-vitality-vs-karmine-corp-champions-tour-2025-emea-kickoff-ubqf
Haven,KC,marteen,yoru,132,7,15,8,0,False,13‑5,2025-01-17,6,https://www.vlr.gg/429384/team-vitality-vs-karmine-corp-champions-tour-2025-emea-kickoff-ubqf
Haven,KC,saadhak,harbor,129,7,14,9,1,False,13‑5,2025-01-17,6,https://www.vlr.gg/429384/team-vitality-vs-karmine-corp-champions-tour-2025-emea-kickoff-ubqf
Bind,VIT,Derke,raze,227,18,16,2,1,False,9‑13,2025-01-17,6,https://www.vlr.gg/429384/team-vitality-vs-karmine-corp-champions-tour-2025-emea-kickoff-ubqf
Bind,VIT,trexx,brimstone,217,11,15,18,3,False,9‑13,2025-01-17,6,https://www.vlr.gg/429384/team-vitality-vs-karmine-corp-champions-tour-2025-emea-kickoff-ubqf
Bind,VIT,Kicks,skye,149,13,16,7,2,False,9‑13,2025-01-17,6,https://www.vlr.gg/429384/team-vitality-vs-karmine-corp-champions-tour-2025-emea-kickoff-ubqf
Bind,VIT,Sayf,tejo,151,12,15,4,2,False,9‑13,2025-01-17,6,https://www.vlr.gg/429384/team-vitality-vs-karmine-corp-champions-tour-2025-emea-kickoff-ubqf
Bind,VIT,Less,viper,131,9,18,5,1,False,9‑13,2025-01-17,6,https://www.vlr.gg/429384/team-vitality-vs-karmine-corp-champions-tour-2025-emea-kickoff-ubqf
Bind,KC,saadhak,deadlock,236,18,13,6,3,True,9‑13,2025-01-17,6,https://www.vlr.gg/429384/team-vitality-vs-karmine-corp-champions-tour-2025-emea-kickoff-ubqf
Bind,KC,Avez,gekko,192,17,13,5,2,True,9‑13,2025-01-17,6,https://www.vlr.gg/429384/team-vitality-vs-karmine-corp-champions-tour-2025-emea-kickoff-ubqf
Bind,KC,SUYGETSU,astra,225,17,14,9,3,True,9‑13,2025-01-17,6,https://www.vlr.gg/429384/team-vitality-vs-karmine-corp-champions-tour-2025-emea-kickoff-ubqf
Bind,KC,Elite,vyse,143,11,11,5,1,True,9‑13,2025-01-17,6,https://www.vlr.gg/429384/team-vitality-vs-karmine-corp-champions-tour-2025-emea-kickoff-ubqf
Bind,KC,marteen,yoru,211,17,12,3,4,True,9‑13,2025-01-17,6,https://www.vlr.gg/429384/team-vitality-vs-karmine-corp-champions-tour-2025-emea-kickoff-ubqf
Abyss,FNC,Alfajer,tejo,272,21,16,10,2,False,8‑13,2025-01-17,7,https://www.vlr.gg/429385/fnatic-vs-bbl-esports-champions-tour-2025-emea-kickoff-ubqf
Abyss,FNC,Boaster,omen,228,17,15,8,3,False,8‑13,2025-01-17,7,https://www.vlr.gg/429385/fnatic-vs-bbl-esports-champions-tour-2025-emea-kickoff-ubqf
Abyss,FNC,kaajak,yoru,240,19,14,4,1,False,8‑13,2025-01-17,7,https://www.vlr.gg/429385/fnatic-vs-bbl-esports-champions-tour-2025-emea-kickoff-ubqf
Abyss,FNC,Chronicle,astra,184,11,13,11,2,False,8‑13,2025-01-17,7,https://www.vlr.gg/429385/fnatic-vs-bbl-esports-champions-tour-2025-emea-kickoff-ubqf
Abyss,FNC,crashies,sova,138,9,12,4,1,False,8‑13,2025-01-17,7,https://www.vlr.gg/429385/fnatic-vs-bbl-esports-champions-tour-2025-emea-kickoff-ubqf
Abyss,BBL,Jamppi,breach,199,15,15,7,1,True,8‑13,2025-01-17,7,https://www.vlr.gg/429385/fnatic-vs-bbl-esports-champions-tour-2025-emea-kickoff-ubqf
Abyss,BBL,PROFEK,astra,166,13,12,6,2,True,8‑13,2025-01-17,7,https://www.vlr.gg/429385/fnatic-vs-bbl-esports-champions-tour-2025-emea-kickoff-ubqf
Abyss,BBL,LewN,yoru,261,19,17,2,8,True,8‑13,2025-01-17,7,https://www.vlr.gg/429385/fnatic-vs-bbl-esports-champions-tour-2025-emea-kickoff-ubqf
Abyss,BBL,sociablEE,sova,219,15,18,7,0,True,8‑13,2025-01-17,7,https://www.vlr.gg/429385/fnatic-vs-bbl-esports-champions-tour-2025-emea-kickoff-ubqf
Abyss,BBL,vakk,sage,114,8,15,5,1,True,8‑13,2025-01-17,7,https://www.vlr.gg/429385/fnatic-vs-bbl-esports-champions-tour-2025-emea-kickoff-ubqf
Fracture,FNC,Chronicle,breach,265,24,10,9,1,True,13‑8,2025-01-17,7,https://www.vlr.gg/429385/fnatic-vs-bbl-esports-champions-tour-2025-emea-kickoff-ubqf
Fracture,FNC,Boaster,brimstone,260,20,13,15,4,True,13‑8,2025-01-17,7,https://www.vlr.gg/429385/fnatic-vs-bbl-esports-champions-tour-2025-emea-kickoff-ubqf
Fracture,FNC,crashies,sova,264,21,14,8,2,True,13‑8,2025-01-17,7,https://www.vlr.gg/429385/fnatic-vs-bbl-esports-champions-tour-2025-emea-kickoff-ubqf
Fracture,FNC,kaajak,raze,189,12,14,7,2,True,13‑8,2025-01-17,7,https://www.vlr.gg/429385/fnatic-vs-bbl-esports-champions-tour-2025-emea-kickoff-ubqf
Fracture,FNC,Alfajer,chamber,200,15,15,9,7,True,13‑8,2025-01-17,7,https://www.vlr.gg/429385/fnatic-vs-bbl-esports-champions-tour-2025-emea-kickoff-ubqf
Fracture,BBL,PROFEK,astra,268,22,18,3,1,False,13‑8,2025-01-17,7,https://www.vlr.gg/429385/fnatic-vs-bbl-esports-champions-tour-2025-emea-kickoff-ubqf
Fracture,BBL,sociablEE,yoru,237,17,19,4,1,False,13‑8,2025-01-17,7,https://www.vlr.gg/429385/fnatic-vs-bbl-esports-champions-tour-2025-emea-kickoff-ubqf
Fracture,BBL,Jamppi,breach,153,13,17,5,1,False,13‑8,2025-01-17,7,https://www.vlr.gg/429385/fnatic-vs-bbl-esports-champions-tour-2025-emea-kickoff-ubqf
Fracture,BBL,LewN,raze,141,8,19,8,1,False,13‑8,2025-01-17,7,https://www.vlr.gg/429385/fnatic-vs-bbl-esports-champions-tour-2025-emea-kickoff-ubqf
Fracture,BBL,vakk,cypher,92,6,19,4,1,False,13‑8,2025-01-17,7,https://www.vlr.gg/429385/fnatic-vs-bbl-esports-champions-tour-2025-emea-kickoff-ubqf
Abyss,TH,RieNs,sova,189,11,13,0,0,False,4‑13,2025-01-22,8,https://www.vlr.gg/429386/team-heretics-vs-gentle-mates-champions-tour-2025-emea-kickoff-ubqf
Abyss,TH,Wo0t,astra,143,7,14,3,1,False,4‑13,2025-01-22,8,https://www.vlr.gg/429386/team-heretics-vs-gentle-mates-champions-tour-2025-emea-kickoff-ubqf
Abyss,TH,Boo,kayo,171,9,16,4,1,False,4‑13,2025-01-22,8,https://www.vlr.gg/429386/team-heretics-vs-gentle-mates-champions-tour-2025-emea-kickoff-ubqf
Abyss,TH,benjyfishy,cypher,89,5,13,1,0,False,4‑13,2025-01-22,8,https://www.vlr.gg/429386/team-heretics-vs-gentle-mates-champions-tour-2025-emea-kickoff-ubqf
Abyss,TH,MiniBoo,jett,61,3,15,1,0,False,4‑13,2025-01-22,8,https://www.vlr.gg/429386/team-heretics-vs-gentle-mates-champions-tour-2025-emea-kickoff-ubqf
Abyss,M8,Minny,yoru,301,18,7,2,5,True,4‑13,2025-01-22,8,https://www.vlr.gg/429386/team-heretics-vs-gentle-mates-champions-tour-2025-emea-kickoff-ubqf
Abyss,M8,Click,jett,280,20,8,0,6,True,4‑13,2025-01-22,8,https://www.vlr.gg/429386/team-heretics-vs-gentle-mates-champions-tour-2025-emea-kickoff-ubqf
Abyss,M8,RobbieBk,sova,146,8,4,7,1,True,4‑13,2025-01-22,8,https://www.vlr.gg/429386/team-heretics-vs-gentle-mates-champions-tour-2025-emea-kickoff-ubqf
Abyss,M8,Kada,astra,165,11,6,7,0,True,4‑13,2025-01-22,8,https://www.vlr.gg/429386/team-heretics-vs-gentle-mates-champions-tour-2025-emea-kickoff-ubqf
Abyss,M8,Zyppan,omen,225,14,10,5,3,True,4‑13,2025-01-22,8,https://www.vlr.gg/429386/team-heretics-vs-gentle-mates-champions-tour-2025-emea-kickoff-ubqf
Fracture,TH,MiniBoo,raze,367,20,6,4,6,True,13‑3,2025-01-22,8,https://www.vlr.gg/429386/team-heretics-vs-gentle-mates-champions-tour-2025-emea-kickoff-ubqf
Fracture,TH,RieNs,skye,216,14,7,7,1,True,13‑3,2025-01-22,8,https://www.vlr.gg/429386/team-heretics-vs-gentle-mates-champions-tour-2025-emea-kickoff-ubqf
Fracture,TH,Wo0t,tejo,197,13,7,6,2,True,13‑3,2025-01-22,8,https://www.vlr.gg/429386/team-heretics-vs-gentle-mates-champions-tour-2025-emea-kickoff-ubqf
Fracture,TH,Boo,astra,173,10,8,15,1,True,13‑3,2025-01-22,8,https://www.vlr.gg/429386/team-heretics-vs-gentle-mates-champions-tour-2025-emea-kickoff-ubqf
Fracture,TH,benjyfishy,cypher,172,10,7,1,0,True,13‑3,2025-01-22,8,https://www.vlr.gg/429386/team-heretics-vs-gentle-mates-champions-tour-2025-emea-kickoff-ubqf
Fracture,M8,Minny,breach,188,9,13,5,1,False,13‑3,2025-01-22,8,https://www.vlr.gg/429386/team-heretics-vs-gentle-mates-champions-tour-2025-emea-kickoff-ubqf
Fracture,M8,Kada,cypher,187,11,12,1,1,False,13‑3,2025-01-22,8,https://www.vlr.gg/429386/team-heretics-vs-gentle-mates-champions-tour-2025-emea-kickoff-ubqf
Fracture,M8,RobbieBk,fade,117,6,13,4,2,False,13‑3,2025-01-22,8,https://www.vlr.gg/429386/team-heretics-vs-gentle-mates-champions-tour-2025-emea-kickoff-ubqf
Fracture,M8,Zyppan,brimstone,126,6,15,7,1,False,13‑3,2025-01-22,8,https://www.vlr.gg/429386/team-heretics-vs-gentle-mates-champions-tour-2025-emea-kickoff-ubqf
Fracture,M8,Click,raze,54,3,14,0,1,False,13‑3,2025-01-22,8,https://www.vlr.gg/429386/team-heretics-vs-gentle-mates-champions-tour-2025-emea-kickoff-ubqf
Bind,FUT,xeus,raze,277,20,18,3,2,False,7‑13,2025-01-29,9,https://www.vlr.gg/429387/fut-esports-vs-team-vitality-champions-tour-2025-emea-kickoff-ubsf
Bind,FUT,yetujey,viper,221,15,15,1,3,False,7‑13,2025-01-29,9,https://www.vlr.gg/429387/fut-esports-vs-team-vitality-champions-tour-2025-emea-kickoff-ubsf
Bind,FUT,AtaKaptan,brimstone,142,11,16,7,0,False,7‑13,2025-01-29,9,https://www.vlr.gg/429387/fut-esports-vs-team-vitality-champions-tour-2025-emea-kickoff-ubsf
Bind,FUT,qRaxs,kayo,145,9,15,5,1,False,7‑13,2025-01-29,9,https://www.vlr.gg/429387/fut-esports-vs-team-vitality-champions-tour-2025-emea-kickoff-ubsf
Bind,FUT,MrFaliN,tejo,121,8,14,5,1,False,7‑13,2025-01-29,9,https://www.vlr.gg/429387/fut-esports-vs-team-vitality-champions-tour-2025-emea-kickoff-ubsf
Bind,VIT,Kicks,skye,270,20,14,8,2,True,7‑13,2025-01-29,9,https://www.vlr.gg/429387/fut-esports-vs-team-vitality-champions-tour-2025-emea-kickoff-ubsf
Bind,VIT,Sayf,tejo,232,18,10,4,3,True,7‑13,2025-01-29,9,https://www.vlr.gg/429387/fut-esports-vs-team-vitality-champions-tour-2025-emea-kickoff-ubsf
Bind,VIT,Less,viper,194,14,12,3,1,True,7‑13,2025-01-29,9,https://www.vlr.gg/429387/fut-esports-vs-team-vitality-champions-tour-2025-emea-kickoff-ubsf
Bind,VIT,Derke,raze,274,17,16,4,6,True,7‑13,2025-01-29,9,https://www.vlr.gg/429387/fut-esports-vs-team-vitality-champions-tour-2025-emea-kickoff-ubsf
Bind,VIT,trexx,brimstone,134,9,11,6,1,True,7‑13,2025-01-29,9,https://www.vlr.gg/429387/fut-esports-vs-team-vitality-champions-tour-2025-emea-kickoff-ubsf
Split,FUT,xeus,raze,236,14,16,2,4,False,4‑13,2025-01-29,9,https://www.vlr.gg/429387/fut-esports-vs-team-vitality-champions-tour-2025-emea-kickoff-ubsf
Split,FUT,MrFaliN,breach,187,11,14,4,0,False,4‑13,2025-01-29,9,https://www.vlr.gg/429387/fut-esports-vs-team-vitality-champions-tour-2025-emea-kickoff-ubsf
Split,FUT,qRaxs,fade,157,9,14,2,0,False,4‑13,2025-01-29,9,https://www.vlr.gg/429387/fut-esports-vs-team-vitality-champions-tour-2025-emea-kickoff-ubsf
Split,FUT,yetujey,cypher,135,7,16,5,1,False,4‑13,2025-01-29,9,https://www.vlr.gg/429387/fut-esports-vs-team-vitality-champions-tour-2025-emea-kickoff-ubsf
Split,FUT,AtaKaptan,astra,104,5,15,8,0,False,4‑13,2025-01-29,9,https://www.vlr.gg/429387/fut-esports-vs-team-vitality-champions-tour-2025-emea-kickoff-ubsf
Split,VIT,Derke,raze,424,27,9,3,8,True,4‑13,2025-01-29,9,https://www.vlr.gg/429387/fut-esports-vs-team-vitality-champions-tour-2025-emea-kickoff-ubsf
Split,VIT,Kicks,breach,257,16,9,14,2,True,4‑13,2025-01-29,9,https://www.vlr.gg/429387/fut-esports-vs-team-vitality-champions-tour-2025-emea-kickoff-ubsf
Split,VIT,Less,viper,214,13,8,6,0,True,4‑13,2025-01-29,9,https://www.vlr.gg/429387/fut-esports-vs-team-vitality-champions-tour-2025-emea-kickoff-ubsf
Split,VIT,Sayf,omen,165,11,9,7,0,True,4‑13,2025-01-29,9,https://www.vlr.gg/429387/fut-esports-vs-team-vitality-champions-tour-2025-emea-kickoff-ubsf
Split,VIT,trexx,fade,163,8,11,11,2,True,4‑13,2025-01-29,9,https://www.vlr.gg/429387/fut-esports-vs-team-vitality-champions-tour-2025-emea-kickoff-ubsf
Pearl,BBL,Jamppi,sova,280,22,19,8,2,False,11‑13,2025-01-29,10,https://www.vlr.gg/429388/bbl-esports-vs-team-heretics-champions-tour-2025-emea-kickoff-ubsf
Pearl,BBL,PROFEK,astra,138,10,17,15,0,False,11‑13,2025-01-29,10,https://www.vlr.gg/429388/bbl-esports-vs-team-heretics-champions-tour-2025-emea-kickoff-ubsf
Pearl,BBL,vakk,vyse,164,14,17,5,1,False,11‑13,2025-01-29,10,https://www.vlr.gg/429388/bbl-esports-vs-team-heretics-champions-tour-2025-emea-kickoff-ubsf
Pearl,BBL,LewN,yoru,180,16,17,2,3,False,11‑13,2025-01-29,10,https://www.vlr.gg/429388/bbl-esports-vs-team-heretics-champions-tour-2025-emea-kickoff-ubsf
Pearl,BBL,sociablEE,chamber,150,13,19,3,2,False,11‑13,2025-01-29,10,https://www.vlr.gg/429388/bbl-esports-vs-team-heretics-champions-tour-2025-emea-kickoff-ubsf
Pearl,TH,Wo0t,astra,256,23,12,10,5,True,11‑13,2025-01-29,10,https://www.vlr.gg/429388/bbl-esports-vs-team-heretics-champions-tour-2025-emea-kickoff-ubsf
Pearl,TH,Boo,kayo,205,17,14,18,0,True,11‑13,2025-01-29,10,https://www.vlr.gg/429388/bbl-esports-vs-team-heretics-champions-tour-2025-emea-kickoff-ubsf
Pearl,TH,benjyfishy,killjoy,240,20,15,4,1,True,11‑13,2025-01-29,10,https://www.vlr.gg/429388/bbl-esports-vs-team-heretics-champions-tour-2025-emea-kickoff-ubsf
Pearl,TH,RieNs,tejo,169,14,17,6,4,True,11‑13,2025-01-29,10,https://www.vlr.gg/429388/bbl-esports-vs-team-heretics-champions-tour-2025-emea-kickoff-ubsf
Pearl,TH,MiniBoo,jett,177,15,17,2,6,True,11‑13,2025-01-29,10,https://www.vlr.gg/429388/bbl-esports-vs-team-heretics-champions-tour-2025-emea-kickoff-ubsf
Lotus,BBL,Jamppi,breach,249,15,16,10,3,False,7‑13,2025-01-29,10,https://www.vlr.gg/429388/bbl-esports-vs-team-heretics-champions-tour-2025-emea-kickoff-ubsf
Lotus,BBL,sociablEE,fade,212,15,15,8,0,False,7‑13,2025-01-29,10,https://www.vlr.gg/429388/bbl-esports-vs-team-heretics-champions-tour-2025-emea-kickoff-ubsf
Lotus,BBL,PROFEK,omen,190,14,15,9,2,False,7‑13,2025-01-29,10,https://www.vlr.gg/429388/bbl-esports-vs-team-heretics-champions-tour-2025-emea-kickoff-ubsf
Lotus,BBL,LewN,raze,153,11,18,4,1,False,7‑13,2025-01-29,10,https://www.vlr.gg/429388/bbl-esports-vs-team-heretics-champions-tour-2025-emea-kickoff-ubsf
Lotus,BBL,vakk,cypher,115,9,16,2,1,False,7‑13,2025-01-29,10,https://www.vlr.gg/429388/bbl-esports-vs-team-heretics-champions-tour-2025-emea-kickoff-ubsf
Lotus,TH,RieNs,fade,266,21,12,5,5,True,7‑13,2025-01-29,10,https://www.vlr.gg/429388/bbl-esports-vs-team-heretics-champions-tour-2025-emea-kickoff-ubsf
Lotus,TH,Boo,omen,221,16,12,12,2,True,7‑13,2025-01-29,10,https://www.vlr.gg/429388/bbl-esports-vs-team-heretics-champions-tour-2025-emea-kickoff-ubsf
Lotus,TH,benjyfishy,killjoy,189,14,12,6,2,True,7‑13,2025-01-29,10,https://www.vlr.gg/429388/bbl-esports-vs-team-heretics-champions-tour-2025-emea-kickoff-ubsf
Lotus,TH,MiniBoo,raze,211,16,15,5,3,True,7‑13,2025-01-29,10,https://www.vlr.gg/429388/bbl-esports-vs-team-heretics-champions-tour-2025-emea-kickoff-ubsf
Lotus,TH,Wo0t,astra,208,13,13,14,1,True,7‑13,2025-01-29,10,https://www.vlr.gg/429388/bbl-esports-vs-team-heretics-champions-tour-2025-emea-kickoff-ubsf
Haven,VIT,trexx,sova,230,16,12,10,1,True,13‑10,2025-02-07,11,https://www.vlr.gg/429389/team-vitality-vs-team-heretics-champions-tour-2025-emea-kickoff-ubf
Haven,VIT,Sayf,iso,242,21,17,5,0,True,13‑10,2025-02-07,11,https://www.vlr.gg/429389/team-vitality-vs-team-heretics-champions-tour-2025-emea-kickoff-ubf
Haven,VIT,Derke,yoru,228,18,17,3,7,True,13‑10,2025-02-07,11,https://www.vlr.gg/429389/team-vitality-vs-team-heretics-champions-tour-2025-emea-kickoff-ubf
Haven,VIT,Less,cypher,158,14,16,4,1,True,13‑10,2025-02-07,11,https://www.vlr.gg/429389/team-vitality-vs-team-heretics-champions-tour-2025-emea-kickoff-ubf
Haven,VIT,Kicks,omen,152,12,16,11,1,True,13‑10,2025-02-07,11,https://www.vlr.gg/429389/team-vitality-vs-team-heretics-champions-tour-2025-emea-kickoff-ubf
Haven,TH,RieNs,sova,236,19,15,7,4,False,13‑10,2025-02-07,11,https://www.vlr.gg/429389/team-vitality-vs-team-heretics-champions-tour-2025-emea-kickoff-ubf
Haven,TH,MiniBoo,yoru,233,20,18,4,6,False,13‑10,2025-02-07,11,https://www.vlr.gg/429389/team-vitality-vs-team-heretics-champions-tour-2025-emea-kickoff-ubf
Haven,TH,Wo0t,tejo,219,18,14,8,1,False,13‑10,2025-02-07,11,https://www.vlr.gg/429389/team-vitality-vs-team-heretics-champions-tour-2025-emea-kickoff-ubf
Haven,TH,Boo,omen,136,12,15,10,1,False,13‑10,2025-02-07,11,https://www.vlr.gg/429389/team-vitality-vs-team-heretics-champions-tour-2025-emea-kickoff-ubf
Haven,TH,benjyfishy,cypher,131,9,19,8,1,False,13‑10,2025-02-07,11,https://www.vlr.gg/429389/team-vitality-vs-team-heretics-champions-tour-2025-emea-kickoff-ubf
Abyss,VIT,trexx,sova,320,17,6,5,0,True,13‑1,2025-02-07,11,https://www.vlr.gg/429389/team-vitality-vs-team-heretics-champions-tour-2025-emea-kickoff-ubf
Abyss,VIT,Less,astra,250,13,6,8,0,True,13‑1,2025-02-07,11,https://www.vlr.gg/429389/team-vitality-vs-team-heretics-champions-tour-2025-emea-kickoff-ubf
Abyss,VIT,Kicks,breach,246,13,7,10,1,True,13‑1,2025-02-07,11,https://www.vlr.gg/429389/team-vitality-vs-team-heretics-champions-tour-2025-emea-kickoff-ubf
Abyss,VIT,Sayf,tejo,273,15,8,3,2,True,13‑1,2025-02-07,11,https://www.vlr.gg/429389/team-vitality-vs-team-heretics-champions-tour-2025-emea-kickoff-ubf
Abyss,VIT,Derke,jett,177,8,12,3,4,True,13‑1,2025-02-07,11,https://www.vlr.gg/429389/team-vitality-vs-team-heretics-champions-tour-2025-emea-kickoff-ubf
Abyss,TH,RieNs,sova,265,13,13,5,3,False,13‑1,2025-02-07,11,https://www.vlr.gg/429389/team-vitality-vs-team-heretics-champions-tour-2025-emea-kickoff-ubf
Abyss,TH,Wo0t,chamber,187,9,13,1,2,False,13‑1,2025-02-07,11,https://www.vlr.gg/429389/team-vitality-vs-team-heretics-champions-tour-2025-emea-kickoff-ubf
Abyss,TH,benjyfishy,tejo,181,7,14,8,1,False,13‑1,2025-02-07,11,https://www.vlr.gg/429389/team-vitality-vs-team-heretics-champions-tour-2025-emea-kickoff-ubf
Abyss,TH,MiniBoo,yoru,123,5,13,7,1,False,13‑1,2025-02-07,11,https://www.vlr.gg/429389/team-vitality-vs-team-heretics-champions-tour-2025-emea-kickoff-ubf
Abyss,TH,Boo,astra,105,4,13,6,0,False,13‑1,2025-02-07,11,https://www.vlr.gg/429389/team-vitality-vs-team-heretics-champions-tour-2025-emea-kickoff-ubf
Split,VIT,Derke,raze,287,20,19,4,8,False,10‑13,2025-02-09,12,https://www.vlr.gg/429390/team-vitality-vs-team-liquid-champions-tour-2025-emea-kickoff-gf
Split,VIT,Less,viper,227,20,17,5,0,False,10‑13,2025-02-09,12,https://www.vlr.gg/429390/team-vitality-vs-team-liquid-champions-tour-2025-emea-kickoff-gf
Split,VIT,trexx,fade,161,12,19,4,1,False,10‑13,2025-02-09,12,https://www.vlr.gg/429390/team-vitality-vs-team-liquid-champions-tour-2025-emea-kickoff-gf
Split,VIT,Kicks,breach,103,9,16,7,0,False,10‑13,2025-02-09,12,https://www.vlr.gg/429390/team-vitality-vs-team-liquid-champions-tour-2025-emea-kickoff-gf
Split,VIT,Sayf,omen,112,9,20,4,2,False,10‑13,2025-02-09,12,https://www.vlr.gg/429390/team-vitality-vs-team-liquid-champions-tour-2025-emea-kickoff-gf
Split,TL,paTiTek,fade,238,20,11,5,5,True,10‑13,2025-02-09,12,https://www.vlr.gg/429390/team-vitality-vs-team-liquid-champions-tour-2025-emea-kickoff-gf
Split,TL,Keiko,raze,311,25,16,5,2,True,10‑13,2025-02-09,12,https://www.vlr.gg/429390/team-vitality-vs-team-liquid-champions-tour-2025-emea-kickoff-gf
Split,TL,kamyk,astra,216,19,13,6,1,True,10‑13,2025-02-09,12,https://www.vlr.gg/429390/team-vitality-vs-team-liquid-champions-tour-2025-emea-kickoff-gf
Split,TL,kamo,yoru,171,13,15,5,3,True,10‑13,2025-02-09,12,https://www.vlr.gg/429390/team-vitality-vs-team-liquid-champions-tour-2025-emea-kickoff-gf
Split,TL,nAts,viper,158,14,15,5,1,True,10‑13,2025-02-09,12,https://www.vlr.gg/429390/team-vitality-vs-team-liquid-champions-tour-2025-emea-kickoff-gf
Haven,VIT,Sayf,iso,254,19,16,3,2,False,7‑13,2025-02-09,12,https://www.vlr.gg/429390/team-vitality-vs-team-liquid-champions-tour-2025-emea-kickoff-gf
Haven,VIT,Kicks,omen,207,15,13,5,2,False,7‑13,2025-02-09,12,https://www.vlr.gg/429390/team-vitality-vs-team-liquid-champions-tour-2025-emea-kickoff-gf
Haven,VIT,Less,cypher,186,11,16,10,1,False,7‑13,2025-02-09,12,https://www.vlr.gg/429390/team-vitality-vs-team-liquid-champions-tour-2025-emea-kickoff-gf
Haven,VIT,Derke,yoru,175,13,16,2,3,False,7‑13,2025-02-09,12,https://www.vlr.gg/429390/team-vitality-vs-team-liquid-champions-tour-2025-emea-kickoff-gf
Haven,VIT,trexx,sova,104,6,16,5,1,False,7‑13,2025-02-09,12,https://www.vlr.gg/429390/team-vitality-vs-team-liquid-champions-tour-2025-emea-kickoff-gf
Haven,TL,kamyk,tejo,269,18,10,10,1,True,7‑13,2025-02-09,12,https://www.vlr.gg/429390/team-vitality-vs-team-liquid-champions-tour-2025-emea-kickoff-gf
Haven,TL,nAts,cypher,227,16,14,7,2,True,7‑13,2025-02-09,12,https://www.vlr.gg/429390/team-vitality-vs-team-liquid-champions-tour-2025-emea-kickoff-gf
Haven,TL,paTiTek,breach,182,14,13,5,3,True,7‑13,2025-02-09,12,https://www.vlr.gg/429390/team-vitality-vs-team-liquid-champions-tour-2025-emea-kickoff-gf
Haven,TL,kamo,jett,221,18,14,0,3,True,7‑13,2025-02-09,12,https://www.vlr.gg/429390/team-vitality-vs-team-liquid-champions-tour-2025-emea-kickoff-gf
Haven,TL,Keiko,omen,140,11,13,2,2,True,7‑13,2025-02-09,12,https://www.vlr.gg/429390/team-vitality-vs-team-liquid-champions-tour-2025-emea-kickoff-gf
Haven,M8,Kada,omen,321,20,6,4,2,True,13‑3,2025-01-24,13,https://www.vlr.gg/429391/gentle-mates-vs-koi-champions-tour-2025-emea-kickoff-lr1
Haven,M8,Click,neon,279,17,9,3,1,True,13‑3,2025-01-24,13,https://www.vlr.gg/429391/gentle-mates-vs-koi-champions-tour-2025-emea-kickoff-lr1
Haven,M8,Minny,cypher,214,13,6,3,5,True,13‑3,2025-01-24,13,https://www.vlr.gg/429391/gentle-mates-vs-koi-champions-tour-2025-emea-kickoff-lr1
Haven,M8,RobbieBk,sova,186,11,6,4,3,True,13‑3,2025-01-24,13,https://www.vlr.gg/429391/gentle-mates-vs-koi-champions-tour-2025-emea-kickoff-lr1
Haven,M8,Zyppan,breach,129,7,7,5,1,True,13‑3,2025-01-24,13,https://www.vlr.gg/429391/gentle-mates-vs-koi-champions-tour-2025-emea-kickoff-lr1
Haven,MKOI,Filu,jett,239,12,14,2,3,False,13‑3,2025-01-24,13,https://www.vlr.gg/429391/gentle-mates-vs-koi-champions-tour-2025-emea-kickoff-lr1
Haven,MKOI,grubinho,omen,110,6,12,6,0,False,13‑3,2025-01-24,13,https://www.vlr.gg/429391/gentle-mates-vs-koi-champions-tour-2025-emea-kickoff-lr1
Haven,MKOI,sheydos,tejo,128,7,14,2,0,False,13‑3,2025-01-24,13,https://www.vlr.gg/429391/gentle-mates-vs-koi-champions-tour-2025-emea-kickoff-lr1
Haven,MKOI,soulcas,cypher,107,6,14,4,1,False,13‑3,2025-01-24,13,https://www.vlr.gg/429391/gentle-mates-vs-koi-champions-tour-2025-emea-kickoff-lr1
Haven,MKOI,flyuh,breach,75,3,14,5,0,False,13‑3,2025-01-24,13,https://www.vlr.gg/429391/gentle-mates-vs-koi-champions-tour-2025-emea-kickoff-lr1
Lotus,M8,Minny,cypher,234,16,14,2,2,False,7‑13,2025-01-24,13,https://www.vlr.gg/429391/gentle-mates-vs-koi-champions-tour-2025-emea-kickoff-lr1
Lotus,M8,Click,yoru,213,15,17,2,5,False,7‑13,2025-01-24,13,https://www.vlr.gg/429391/gentle-mates-vs-koi-champions-tour-2025-emea-kickoff-lr1
Lotus,M8,Zyppan,breach,144,11,14,9,0,False,7‑13,2025-01-24,13,https://www.vlr.gg/429391/gentle-mates-vs-koi-champions-tour-2025-emea-kickoff-lr1
Lotus,M8,Kada,omen,140,10,16,4,0,False,7‑13,2025-01-24,13,https://www.vlr.gg/429391/gentle-mates-vs-koi-champions-tour-2025-emea-kickoff-lr1
Lotus,M8,RobbieBk,tejo,135,7,18,4,0,False,7‑13,2025-01-24,13,https://www.vlr.gg/429391/gentle-mates-vs-koi-champions-tour-2025-emea-kickoff-lr1
Lotus,MKOI,soulcas,vyse,273,20,11,6,3,True,7‑13,2025-01-24,13,https://www.vlr.gg/429391/gentle-mates-vs-koi-champions-tour-2025-emea-kickoff-lr1
Lotus,MKOI,Filu,yoru,251,17,13,4,2,True,7‑13,2025-01-24,13,https://www.vlr.gg/429391/gentle-mates-vs-koi-champions-tour-2025-emea-kickoff-lr1
Lotus,MKOI,flyuh,cypher,230,18,11,3,4,True,7‑13,2025-01-24,13,https://www.vlr.gg/429391/gentle-mates-vs-koi-champions-tour-2025-emea-kickoff-lr1
Lotus,MKOI,sheydos,tejo,177,13,12,2,4,True,7‑13,2025-01-24,13,https://www.vlr.gg/429391/gentle-mates-vs-koi-champions-tour-2025-emea-kickoff-lr1
Lotus,MKOI,grubinho,omen,157,11,12,8,0,True,7‑13,2025-01-24,13,https://www.vlr.gg/429391/gentle-mates-vs-koi-champions-tour-2025-emea-kickoff-lr1
Pearl,FNC,Chronicle,killjoy,293,22,15,5,4,True,13‑9,2025-01-23,14,https://www.vlr.gg/429392/fnatic-vs-natus-vincere-champions-tour-2025-emea-kickoff-lr1
Pearl,FNC,kaajak,yoru,272,22,17,7,5,True,13‑9,2025-01-23,14,https://www.vlr.gg/429392/fnatic-vs-natus-vincere-champions-tour-2025-emea-kickoff-lr1
Pearl,FNC,Alfajer,tejo,156,13,15,5,2,True,13‑9,2025-01-23,14,https://www.vlr.gg/429392/fnatic-vs-natus-vincere-champions-tour-2025-emea-kickoff-lr1
Pearl,FNC,Boaster,astra,153,12,16,11,2,True,13‑9,2025-01-23,14,https://www.vlr.gg/429392/fnatic-vs-natus-vincere-champions-tour-2025-emea-kickoff-lr1
Pearl,FNC,crashies,sova,144,10,15,6,0,True,13‑9,2025-01-23,14,https://www.vlr.gg/429392/fnatic-vs-natus-vincere-champions-tour-2025-emea-kickoff-lr1
Pearl,NAVI,Shao,kayo,270,21,14,7,2,False,13‑9,2025-01-23,14,https://www.vlr.gg/429392/fnatic-vs-natus-vincere-champions-tour-2025-emea-kickoff-lr1
Pearl,NAVI,hiro,killjoy,237,18,15,3,3,False,13‑9,2025-01-23,14,https://www.vlr.gg/429392/fnatic-vs-natus-vincere-champions-tour-2025-emea-kickoff-lr1
Pearl,NAVI,Ruxic,astra,188,16,14,5,2,False,13‑9,2025-01-23,14,https://www.vlr.gg/429392/fnatic-vs-natus-vincere-champions-tour-2025-emea-kickoff-lr1
Pearl,NAVI,ANGE1,sova,129,11,17,6,1,False,13‑9,2025-01-23,14,https://www.vlr.gg/429392/fnatic-vs-natus-vincere-champions-tour-2025-emea-kickoff-lr1
Pearl,NAVI,koalanoob,jett,156,12,19,4,1,False,13‑9,2025-01-23,14,https://www.vlr.gg/429392/fnatic-vs-natus-vincere-champions-tour-2025-emea-kickoff-lr1
Fracture,FNC,kaajak,raze,228,19,14,0,3,False,8‑13,2025-01-23,14,https://www.vlr.gg/429392/fnatic-vs-natus-vincere-champions-tour-2025-emea-kickoff-lr1
Fracture,FNC,Chronicle,breach,209,15,14,8,1,False,8‑13,2025-01-23,14,https://www.vlr.gg/429392/fnatic-vs-natus-vincere-champions-tour-2025-emea-kickoff-lr1
Fracture,FNC,Alfajer,chamber,197,14,16,7,3,False,8‑13,2025-01-23,14,https://www.vlr.gg/429392/fnatic-vs-natus-vincere-champions-tour-2025-emea-kickoff-lr1
Fracture,FNC,crashies,sova,135,10,13,1,1,False,8‑13,2025-01-23,14,https://www.vlr.gg/429392/fnatic-vs-natus-vincere-champions-tour-2025-emea-kickoff-lr1
Fracture,FNC,Boaster,brimstone,138,8,16,13,3,False,8‑13,2025-01-23,14,https://www.vlr.gg/429392/fnatic-vs-natus-vincere-champions-tour-2025-emea-kickoff-lr1
Fracture,NAVI,hiro,cypher,230,18,13,4,3,True,8‑13,2025-01-23,14,https://www.vlr.gg/429392/fnatic-vs-natus-vincere-champions-tour-2025-emea-kickoff-lr1
Fracture,NAVI,koalanoob,raze,246,18,15,5,4,True,8‑13,2025-01-23,14,https://www.vlr.gg/429392/fnatic-vs-natus-vincere-champions-tour-2025-emea-kickoff-lr1
Fracture,NAVI,Ruxic,brimstone,199,14,14,9,1,True,8‑13,2025-01-23,14,https://www.vlr.gg/429392/fnatic-vs-natus-vincere-champions-tour-2025-emea-kickoff-lr1
Fracture,NAVI,ANGE1,fade,167,13,13,2,1,True,8‑13,2025-01-23,14,https://www.vlr.gg/429392/fnatic-vs-natus-vincere-champions-tour-2025-emea-kickoff-lr1
Fracture,NAVI,Shao,breach,139,10,11,11,1,True,8‑13,2025-01-23,14,https://www.vlr.gg/429392/fnatic-vs-natus-vincere-champions-tour-2025-emea-kickoff-lr1
Bind,KC,Avez,gekko,254,24,15,6,1,True,14‑12,2025-01-23,15,https://www.vlr.gg/429393/karmine-corp-vs-giantx-champions-tour-2025-emea-kickoff-lr1
Bind,KC,saadhak,deadlock,218,18,16,10,2,True,14‑12,2025-01-23,15,https://www.vlr.gg/429393/karmine-corp-vs-giantx-champions-tour-2025-emea-kickoff-lr1
Bind,KC,marteen,yoru,243,22,20,6,6,True,14‑12,2025-01-23,15,https://www.vlr.gg/429393/karmine-corp-vs-giantx-champions-tour-2025-emea-kickoff-lr1
Bind,KC,Elite,vyse,167,15,16,9,2,True,14‑12,2025-01-23,15,https://www.vlr.gg/429393/karmine-corp-vs-giantx-champions-tour-2025-emea-kickoff-lr1
Bind,KC,SUYGETSU,astra,151,16,15,15,0,True,14‑12,2025-01-23,15,https://www.vlr.gg/429393/karmine-corp-vs-giantx-champions-tour-2025-emea-kickoff-lr1
Bind,GX,tomaszy,astra,212,20,20,9,1,False,14‑12,2025-01-23,15,https://www.vlr.gg/429393/karmine-corp-vs-giantx-champions-tour-2025-emea-kickoff-lr1
Bind,GX,purp0,raze,249,22,22,3,9,False,14‑12,2025-01-23,15,https://www.vlr.gg/429393/karmine-corp-vs-giantx-champions-tour-2025-emea-kickoff-lr1
Bind,GX,westside,viper,141,14,17,7,2,False,14‑12,2025-01-23,15,https://www.vlr.gg/429393/karmine-corp-vs-giantx-champions-tour-2025-emea-kickoff-lr1
Bind,GX,Cloud,fade,138,13,16,5,2,False,14‑12,2025-01-23,15,https://www.vlr.gg/429393/karmine-corp-vs-giantx-champions-tour-2025-emea-kickoff-lr1
Bind,GX,runneR,gekko,149,13,20,6,1,False,14‑12,2025-01-23,15,https://www.vlr.gg/429393/karmine-corp-vs-giantx-champions-tour-2025-emea-kickoff-lr1
Lotus,KC,SUYGETSU,omen,218,16,13,8,3,False,8‑13,2025-01-23,15,https://www.vlr.gg/429393/karmine-corp-vs-giantx-champions-tour-2025-emea-kickoff-lr1
Lotus,KC,saadhak,harbor,222,16,16,6,2,False,8‑13,2025-01-23,15,https://www.vlr.gg/429393/karmine-corp-vs-giantx-champions-tour-2025-emea-kickoff-lr1
Lotus,KC,Avez,fade,157,9,16,13,0,False,8‑13,2025-01-23,15,https://www.vlr.gg/429393/karmine-corp-vs-giantx-champions-tour-2025-emea-kickoff-lr1
Lotus,KC,Elite,vyse,109,10,13,1,2,False,8‑13,2025-01-23,15,https://www.vlr.gg/429393/karmine-corp-vs-giantx-champions-tour-2025-emea-kickoff-lr1
Lotus,KC,marteen,yoru,144,11,18,2,0,False,8‑13,2025-01-23,15,https://www.vlr.gg/429393/karmine-corp-vs-giantx-champions-tour-2025-emea-kickoff-lr1
Lotus,GX,Cloud,fade,278,22,12,8,2,True,8‑13,2025-01-23,15,https://www.vlr.gg/429393/karmine-corp-vs-giantx-champions-tour-2025-emea-kickoff-lr1
Lotus,GX,runneR,vyse,239,20,10,2,4,True,8‑13,2025-01-23,15,https://www.vlr.gg/429393/karmine-corp-vs-giantx-champions-tour-2025-emea-kickoff-lr1
Lotus,GX,purp0,raze,170,13,13,6,3,True,8‑13,2025-01-23,15,https://www.vlr.gg/429393/karmine-corp-vs-giantx-champions-tour-2025-emea-kickoff-lr1
Lotus,GX,westside,viper,184,11,14,12,3,True,8‑13,2025-01-23,15,https://www.vlr.gg/429393/karmine-corp-vs-giantx-champions-tour-2025-emea-kickoff-lr1
Lotus,GX,tomaszy,omen,134,10,13,9,2,True,8‑13,2025-01-23,15,https://www.vlr.gg/429393/karmine-corp-vs-giantx-champions-tour-2025-emea-kickoff-lr1
Abyss,TL,paTiTek,kayo,281,22,12,10,2,True,13‑9,2025-01-24,16,https://www.vlr.gg/429394/team-liquid-vs-apeks-champions-tour-2025-emea-kickoff-lr1
Abyss,TL,Keiko,omen,238,19,15,9,1,True,13‑9,2025-01-24,16,https://www.vlr.gg/429394/team-liquid-vs-apeks-champions-tour-2025-emea-kickoff-lr1
Abyss,TL,nAts,cypher,216,19,15,2,2,True,13‑9,2025-01-24,16,https://www.vlr.gg/429394/team-liquid-vs-apeks-champions-tour-2025-emea-kickoff-lr1
Abyss,TL,kamyk,sova,154,12,14,4,1,True,13‑9,2025-01-24,16,https://www.vlr.gg/429394/team-liquid-vs-apeks-champions-tour-2025-emea-kickoff-lr1
Abyss,TL,kamo,jett,218,17,18,4,6,True,13‑9,2025-01-24,16,https://www.vlr.gg/429394/team-liquid-vs-apeks-champions-tour-2025-emea-kickoff-lr1
Abyss,APK,florescent,jett,286,21,19,7,7,False,13‑9,2025-01-24,16,https://www.vlr.gg/429394/team-liquid-vs-apeks-champions-tour-2025-emea-kickoff-lr1
Abyss,APK,MOLSI,kayo,199,17,16,15,1,False,13‑9,2025-01-24,16,https://www.vlr.gg/429394/team-liquid-vs-apeks-champions-tour-2025-emea-kickoff-lr1
Abyss,APK,AvovA,astra,211,17,16,8,0,False,13‑9,2025-01-24,16,https://www.vlr.gg/429394/team-liquid-vs-apeks-champions-tour-2025-emea-kickoff-lr1
Abyss,APK,hype,cypher,174,12,18,6,2,False,13‑9,2025-01-24,16,https://www.vlr.gg/429394/team-liquid-vs-apeks-champions-tour-2025-emea-kickoff-lr1
Abyss,APK,batujnax,sova,98,7,20,7,0,False,13‑9,2025-01-24,16,https://www.vlr.gg/429394/team-liquid-vs-apeks-champions-tour-2025-emea-kickoff-lr1
Pearl,TL,Keiko,astra,305,25,17,10,3,False,11‑13,2025-01-24,16,https://www.vlr.gg/429394/team-liquid-vs-apeks-champions-tour-2025-emea-kickoff-lr1
Pearl,TL,kamo,jett,224,18,19,4,4,False,11‑13,2025-01-24,16,https://www.vlr.gg/429394/team-liquid-vs-apeks-champions-tour-2025-emea-kickoff-lr1
Pearl,TL,paTiTek,kayo,142,11,17,14,0,False,11‑13,2025-01-24,16,https://www.vlr.gg/429394/team-liquid-vs-apeks-champions-tour-2025-emea-kickoff-lr1
Pearl,TL,nAts,cypher,196,15,19,7,3,False,11‑13,2025-01-24,16,https://www.vlr.gg/429394/team-liquid-vs-apeks-champions-tour-2025-emea-kickoff-lr1
Pearl,TL,kamyk,sova,117,10,18,4,1,False,11‑13,2025-01-24,16,https://www.vlr.gg/429394/team-liquid-vs-apeks-champions-tour-2025-emea-kickoff-lr1
Pearl,APK,florescent,phoenix,282,26,16,7,3,True,11‑13,2025-01-24,16,https://www.vlr.gg/429394/team-liquid-vs-apeks-champions-tour-2025-emea-kickoff-lr1
Pearl,APK,batujnax,yoru,288,27,16,6,6,True,11‑13,2025-01-24,16,https://www.vlr.gg/429394/team-liquid-vs-apeks-champions-tour-2025-emea-kickoff-lr1
Pearl,APK,AvovA,astra,151,13,15,5,1,True,11‑13,2025-01-24,16,https://www.vlr.gg/429394/team-liquid-vs-apeks-champions-tour-2025-emea-kickoff-lr1
Pearl,APK,hype,killjoy,170,14,16,5,3,True,11‑13,2025-01-24,16,https://www.vlr.gg/429394/team-liquid-vs-apeks-champions-tour-2025-emea-kickoff-lr1
Pearl,APK,MOLSI,sova,148,10,16,9,0,True,11‑13,2025-01-24,16,https://www.vlr.gg/429394/team-liquid-vs-apeks-champions-tour-2025-emea-kickoff-lr1
Abyss,M8,Minny,yoru,194,13,11,1,5,False,5‑13,2025-01-30,17,https://www.vlr.gg/429395/gentle-mates-vs-fnatic-champions-tour-2025-emea-kickoff-lr2
Abyss,M8,Kada,astra,195,13,11,2,0,False,5‑13,2025-01-30,17,https://www.vlr.gg/429395/gentle-mates-vs-fnatic-champions-tour-2025-emea-kickoff-lr2
Abyss,M8,RobbieBk,sova,161,8,13,5,2,False,5‑13,2025-01-30,17,https://www.vlr.gg/429395/gentle-mates-vs-fnatic-champions-tour-2025-emea-kickoff-lr2
Abyss,M8,Zyppan,omen,110,5,14,9,2,False,5‑13,2025-01-30,17,https://www.vlr.gg/429395/gentle-mates-vs-fnatic-champions-tour-2025-emea-kickoff-lr2
Abyss,M8,Click,jett,109,8,13,1,1,False,5‑13,2025-01-30,17,https://www.vlr.gg/429395/gentle-mates-vs-fnatic-champions-tour-2025-emea-kickoff-lr2
Abyss,FNC,Boaster,astra,161,10,5,10,0,True,5‑13,2025-01-30,17,https://www.vlr.gg/429395/gentle-mates-vs-fnatic-champions-tour-2025-emea-kickoff-lr2
Abyss,FNC,Alfajer,jett,289,19,13,2,3,True,5‑13,2025-01-30,17,https://www.vlr.gg/429395/gentle-mates-vs-fnatic-champions-tour-2025-emea-kickoff-lr2
Abyss,FNC,kaajak,yoru,277,17,13,3,4,True,5‑13,2025-01-30,17,https://www.vlr.gg/429395/gentle-mates-vs-fnatic-champions-tour-2025-emea-kickoff-lr2
Abyss,FNC,Chronicle,breach,166,12,8,1,1,True,5‑13,2025-01-30,17,https://www.vlr.gg/429395/gentle-mates-vs-fnatic-champions-tour-2025-emea-kickoff-lr2
Abyss,FNC,crashies,sova,55,4,8,2,0,True,5‑13,2025-01-30,17,https://www.vlr.gg/429395/gentle-mates-vs-fnatic-champions-tour-2025-emea-kickoff-lr2
Fracture,M8,Kada,brimstone,224,16,13,3,1,False,6‑13,2025-01-30,17,https://www.vlr.gg/429395/gentle-mates-vs-fnatic-champions-tour-2025-emea-kickoff-lr2
Fracture,M8,Minny,cypher,196,11,13,4,1,False,6‑13,2025-01-30,17,https://www.vlr.gg/429395/gentle-mates-vs-fnatic-champions-tour-2025-emea-kickoff-lr2
Fracture,M8,RobbieBk,fade,150,9,16,5,2,False,6‑13,2025-01-30,17,https://www.vlr.gg/429395/gentle-mates-vs-fnatic-champions-tour-2025-emea-kickoff-lr2
Fracture,M8,Zyppan,breach,110,5,14,10,1,False,6‑13,2025-01-30,17,https://www.vlr.gg/429395/gentle-mates-vs-fnatic-champions-tour-2025-emea-kickoff-lr2
Fracture,M8,Click,raze,133,9,15,0,3,False,6‑13,2025-01-30,17,https://www.vlr.gg/429395/gentle-mates-vs-fnatic-champions-tour-2025-emea-kickoff-lr2
Fracture,FNC,kaajak,raze,397,27,10,4,4,True,6‑13,2025-01-30,17,https://www.vlr.gg/429395/gentle-mates-vs-fnatic-champions-tour-2025-emea-kickoff-lr2
Fracture,FNC,Boaster,brimstone,171,13,9,8,1,True,6‑13,2025-01-30,17,https://www.vlr.gg/429395/gentle-mates-vs-fnatic-champions-tour-2025-emea-kickoff-lr2
Fracture,FNC,Alfajer,chamber,213,15,12,1,5,True,6‑13,2025-01-30,17,https://www.vlr.gg/429395/gentle-mates-vs-fnatic-champions-tour-2025-emea-kickoff-lr2
Fracture,FNC,crashies,sova,138,8,9,3,1,True,6‑13,2025-01-30,17,https://www.vlr.gg/429395/gentle-mates-vs-fnatic-champions-tour-2025-emea-kickoff-lr2
Fracture,FNC,Chronicle,breach,110,8,10,9,0,True,6‑13,2025-01-30,17,https://www.vlr.gg/429395/gentle-mates-vs-fnatic-champions-tour-2025-emea-kickoff-lr2
Fracture,GX,purp0,raze,273,21,16,4,5,False,8‑13,2025-01-30,18,https://www.vlr.gg/429396/giantx-vs-team-liquid-champions-tour-2025-emea-kickoff-lr2
Fracture,GX,tomaszy,brimstone,193,15,14,12,2,False,8‑13,2025-01-30,18,https://www.vlr.gg/429396/giantx-vs-team-liquid-champions-tour-2025-emea-kickoff-lr2
Fracture,GX,Cloud,fade,201,15,18,8,3,False,8‑13,2025-01-30,18,https://www.vlr.gg/429396/giantx-vs-team-liquid-champions-tour-2025-emea-kickoff-lr2
Fracture,GX,runneR,breach,160,10,18,11,0,False,8‑13,2025-01-30,18,https://www.vlr.gg/429396/giantx-vs-team-liquid-champions-tour-2025-emea-kickoff-lr2
Fracture,GX,westside,killjoy,126,9,15,3,0,False,8‑13,2025-01-30,18,https://www.vlr.gg/429396/giantx-vs-team-liquid-champions-tour-2025-emea-kickoff-lr2
Fracture,TL,kamo,raze,290,22,14,3,6,True,8‑13,2025-01-30,18,https://www.vlr.gg/429396/giantx-vs-team-liquid-champions-tour-2025-emea-kickoff-lr2
Fracture,TL,paTiTek,breach,204,15,11,11,1,True,8‑13,2025-01-30,18,https://www.vlr.gg/429396/giantx-vs-team-liquid-champions-tour-2025-emea-kickoff-lr2
Fracture,TL,nAts,cypher,224,18,14,7,1,True,8‑13,2025-01-30,18,https://www.vlr.gg/429396/giantx-vs-team-liquid-champions-tour-2025-emea-kickoff-lr2
Fracture,TL,kamyk,tejo,200,15,15,5,1,True,8‑13,2025-01-30,18,https://www.vlr.gg/429396/giantx-vs-team-liquid-champions-tour-2025-emea-kickoff-lr2
Fracture,TL,Keiko,brimstone,162,11,16,12,2,True,8‑13,2025-01-30,18,https://www.vlr.gg/429396/giantx-vs-team-liquid-champions-tour-2025-emea-kickoff-lr2
Split,GX,purp0,raze,283,17,16,1,5,False,6‑13,2025-01-30,18,https://www.vlr.gg/429396/giantx-vs-team-liquid-champions-tour-2025-emea-kickoff-lr2
Split,GX,westside,viper,234,16,17,3,2,False,6‑13,2025-01-30,18,https://www.vlr.gg/429396/giantx-vs-team-liquid-champions-tour-2025-emea-kickoff-lr2
Split,GX,runneR,skye,193,11,16,6,2,False,6‑13,2025-01-30,18,https://www.vlr.gg/429396/giantx-vs-team-liquid-champions-tour-2025-emea-kickoff-lr2
Split,GX,Cloud,vyse,142,10,15,4,0,False,6‑13,2025-01-30,18,https://www.vlr.gg/429396/giantx-vs-team-liquid-champions-tour-2025-emea-kickoff-lr2
Split,GX,tomaszy,omen,118,8,16,5,1,False,6‑13,2025-01-30,18,https://www.vlr.gg/429396/giantx-vs-team-liquid-champions-tour-2025-emea-kickoff-lr2
Split,TL,Keiko,raze,326,25,12,2,2,True,6‑13,2025-01-30,18,https://www.vlr.gg/429396/giantx-vs-team-liquid-champions-tour-2025-emea-kickoff-lr2
Split,TL,kamo,yoru,226,17,13,4,3,True,6‑13,2025-01-30,18,https://www.vlr.gg/429396/giantx-vs-team-liquid-champions-tour-2025-emea-kickoff-lr2
Split,TL,nAts,viper,243,15,13,9,1,True,6‑13,2025-01-30,18,https://www.vlr.gg/429396/giantx-vs-team-liquid-champions-tour-2025-emea-kickoff-lr2
Split,TL,paTiTek,fade,175,11,12,9,0,True,6‑13,2025-01-30,18,https://www.vlr.gg/429396/giantx-vs-team-liquid-champions-tour-2025-emea-kickoff-lr2
Split,TL,kamyk,astra,161,12,12,7,3,True,6‑13,2025-01-30,18,https://www.vlr.gg/429396/giantx-vs-team-liquid-champions-tour-2025-emea-kickoff-lr2
Abyss,FUT,xeus,yoru,297,25,15,5,4,True,13‑10,2025-01-31,19,https://www.vlr.gg/429397/fut-esports-vs-fnatic-champions-tour-2025-emea-kickoff-lr3
Abyss,FUT,yetujey,vyse,233,20,12,7,4,True,13‑10,2025-01-31,19,https://www.vlr.gg/429397/fut-esports-vs-fnatic-champions-tour-2025-emea-kickoff-lr3
Abyss,FUT,MrFaliN,sova,179,14,12,6,0,True,13‑10,2025-01-31,19,https://www.vlr.gg/429397/fut-esports-vs-fnatic-champions-tour-2025-emea-kickoff-lr3
Abyss,FUT,AtaKaptan,astra,159,13,17,7,4,True,13‑10,2025-01-31,19,https://www.vlr.gg/429397/fut-esports-vs-fnatic-champions-tour-2025-emea-kickoff-lr3
Abyss,FUT,qRaxs,fade,132,10,14,9,1,True,13‑10,2025-01-31,19,https://www.vlr.gg/429397/fut-esports-vs-fnatic-champions-tour-2025-emea-kickoff-lr3
Abyss,FNC,kaajak,yoru,192,15,16,9,1,False,13‑10,2025-01-31,19,https://www.vlr.gg/429397/fut-esports-vs-fnatic-champions-tour-2025-emea-kickoff-lr3
Abyss,FNC,Chronicle,breach,160,13,15,9,0,False,13‑10,2025-01-31,19,https://www.vlr.gg/429397/fut-esports-vs-fnatic-champions-tour-2025-emea-kickoff-lr3
Abyss,FNC,Boaster,astra,151,11,16,7,3,False,13‑10,2025-01-31,19,https://www.vlr.gg/429397/fut-esports-vs-fnatic-champions-tour-2025-emea-kickoff-lr3
Abyss,FNC,Alfajer,jett,217,18,19,1,4,False,13‑10,2025-01-31,19,https://www.vlr.gg/429397/fut-esports-vs-fnatic-champions-tour-2025-emea-kickoff-lr3
Abyss,FNC,crashies,sova,144,11,17,11,2,False,13‑10,2025-01-31,19,https://www.vlr.gg/429397/fut-esports-vs-fnatic-champions-tour-2025-emea-kickoff-lr3
Fracture,FUT,AtaKaptan,astra,242,16,15,12,2,True,13‑6,2025-01-31,19,https://www.vlr.gg/429397/fut-esports-vs-fnatic-champions-tour-2025-emea-kickoff-lr3
Fracture,FUT,qRaxs,kayo,257,17,14,8,1,True,13‑6,2025-01-31,19,https://www.vlr.gg/429397/fut-esports-vs-fnatic-champions-tour-2025-emea-kickoff-lr3
Fracture,FUT,yetujey,cypher,203,14,12,5,4,True,13‑6,2025-01-31,19,https://www.vlr.gg/429397/fut-esports-vs-fnatic-champions-tour-2025-emea-kickoff-lr3
Fracture,FUT,MrFaliN,breach,162,9,10,14,1,True,13‑6,2025-01-31,19,https://www.vlr.gg/429397/fut-esports-vs-fnatic-champions-tour-2025-emea-kickoff-lr3
Fracture,FUT,xeus,neon,199,15,14,2,2,True,13‑6,2025-01-31,19,https://www.vlr.gg/429397/fut-esports-vs-fnatic-champions-tour-2025-emea-kickoff-lr3
Fracture,FNC,crashies,sova,252,17,13,4,0,False,13‑6,2025-01-31,19,https://www.vlr.gg/429397/fut-esports-vs-fnatic-champions-tour-2025-emea-kickoff-lr3
Fracture,FNC,Alfajer,chamber,229,16,14,0,3,False,13‑6,2025-01-31,19,https://www.vlr.gg/429397/fut-esports-vs-fnatic-champions-tour-2025-emea-kickoff-lr3
Fracture,FNC,kaajak,raze,195,13,13,3,3,False,13‑6,2025-01-31,19,https://www.vlr.gg/429397/fut-esports-vs-fnatic-champions-tour-2025-emea-kickoff-lr3
Fracture,FNC,Chronicle,breach,176,11,15,7,1,False,13‑6,2025-01-31,19,https://www.vlr.gg/429397/fut-esports-vs-fnatic-champions-tour-2025-emea-kickoff-lr3
Fracture,FNC,Boaster,brimstone,118,8,16,8,2,False,13‑6,2025-01-31,19,https://www.vlr.gg/429397/fut-esports-vs-fnatic-champions-tour-2025-emea-kickoff-lr3
Bind,BBL,sociablEE,sage,292,25,16,6,4,False,11‑13,2025-01-31,20,https://www.vlr.gg/429398/bbl-esports-vs-team-liquid-champions-tour-2025-emea-kickoff-lr3
Bind,BBL,PROFEK,astra,190,17,17,6,0,False,11‑13,2025-01-31,20,https://www.vlr.gg/429398/bbl-esports-vs-team-liquid-champions-tour-2025-emea-kickoff-lr3
Bind,BBL,vakk,vyse,189,16,17,13,0,False,11‑13,2025-01-31,20,https://www.vlr.gg/429398/bbl-esports-vs-team-liquid-champions-tour-2025-emea-kickoff-lr3
Bind,BBL,LewN,raze,170,14,18,4,1,False,11‑13,2025-01-31,20,https://www.vlr.gg/429398/bbl-esports-vs-team-liquid-champions-tour-2025-emea-kickoff-lr3
Bind,BBL,Jamppi,tejo,135,9,20,6,1,False,11‑13,2025-01-31,20,https://www.vlr.gg/429398/bbl-esports-vs-team-liquid-champions-tour-2025-emea-kickoff-lr3
Bind,TL,Keiko,brimstone,219,19,15,8,4,True,11‑13,2025-01-31,20,https://www.vlr.gg/429398/bbl-esports-vs-team-liquid-champions-tour-2025-emea-kickoff-lr3
Bind,TL,kamo,raze,242,20,17,2,2,True,11‑13,2025-01-31,20,https://www.vlr.gg/429398/bbl-esports-vs-team-liquid-champions-tour-2025-emea-kickoff-lr3
Bind,TL,paTiTek,skye,172,16,14,4,6,True,11‑13,2025-01-31,20,https://www.vlr.gg/429398/bbl-esports-vs-team-liquid-champions-tour-2025-emea-kickoff-lr3
Bind,TL,kamyk,gekko,190,14,16,10,1,True,11‑13,2025-01-31,20,https://www.vlr.gg/429398/bbl-esports-vs-team-liquid-champions-tour-2025-emea-kickoff-lr3
Bind,TL,nAts,viper,235,19,19,9,5,True,11‑13,2025-01-31,20,https://www.vlr.gg/429398/bbl-esports-vs-team-liquid-champions-tour-2025-emea-kickoff-lr3
Pearl,BBL,vakk,vyse,259,22,13,4,1,True,13‑9,2025-01-31,20,https://www.vlr.gg/429398/bbl-esports-vs-team-liquid-champions-tour-2025-emea-kickoff-lr3
Pearl,BBL,sociablEE,chamber,234,20,16,1,6,True,13‑9,2025-01-31,20,https://www.vlr.gg/429398/bbl-esports-vs-team-liquid-champions-tour-2025-emea-kickoff-lr3
Pearl,BBL,Jamppi,sova,213,15,16,9,0,True,13‑9,2025-01-31,20,https://www.vlr.gg/429398/bbl-esports-vs-team-liquid-champions-tour-2025-emea-kickoff-lr3
Pearl,BBL,LewN,yoru,203,17,18,7,2,True,13‑9,2025-01-31,20,https://www.vlr.gg/429398/bbl-esports-vs-team-liquid-champions-tour-2025-emea-kickoff-lr3
Pearl,BBL,PROFEK,astra,194,16,16,4,0,True,13‑9,2025-01-31,20,https://www.vlr.gg/429398/bbl-esports-vs-team-liquid-champions-tour-2025-emea-kickoff-lr3
Pearl,TL,kamyk,tejo,270,20,16,7,1,False,13‑9,2025-01-31,20,https://www.vlr.gg/429398/bbl-esports-vs-team-liquid-champions-tour-2025-emea-kickoff-lr3
Pearl,TL,Keiko,astra,220,19,17,3,3,False,13‑9,2025-01-31,20,https://www.vlr.gg/429398/bbl-esports-vs-team-liquid-champions-tour-2025-emea-kickoff-lr3
Pearl,TL,nAts,vyse,182,14,18,6,3,False,13‑9,2025-01-31,20,https://www.vlr.gg/429398/bbl-esports-vs-team-liquid-champions-tour-2025-emea-kickoff-lr3
Pearl,TL,kamo,jett,191,15,20,2,6,False,13‑9,2025-01-31,20,https://www.vlr.gg/429398/bbl-esports-vs-team-liquid-champions-tour-2025-emea-kickoff-lr3
Pearl,TL,paTiTek,breach,137,11,19,6,0,False,13‑9,2025-01-31,20,https://www.vlr.gg/429398/bbl-esports-vs-team-liquid-champions-tour-2025-emea-kickoff-lr3
Abyss,FUT,MrFaliN,sova,203,13,14,6,2,False,7‑13,2025-02-07,21,https://www.vlr.gg/429400/fut-esports-vs-team-liquid-champions-tour-2025-emea-kickoff-lr4
Abyss,FUT,yetujey,vyse,230,16,16,3,4,False,7‑13,2025-02-07,21,https://www.vlr.gg/429400/fut-esports-vs-team-liquid-champions-tour-2025-emea-kickoff-lr4
Abyss,FUT,xeus,yoru,224,15,15,1,1,False,7‑13,2025-02-07,21,https://www.vlr.gg/429400/fut-esports-vs-team-liquid-champions-tour-2025-emea-kickoff-lr4
Abyss,FUT,AtaKaptan,astra,113,9,13,6,1,False,7‑13,2025-02-07,21,https://www.vlr.gg/429400/fut-esports-vs-team-liquid-champions-tour-2025-emea-kickoff-lr4
Abyss,FUT,qRaxs,fade,123,7,17,9,0,False,7‑13,2025-02-07,21,https://www.vlr.gg/429400/fut-esports-vs-team-liquid-champions-tour-2025-emea-kickoff-lr4
Abyss,TL,kamyk,sova,285,21,10,5,3,True,7‑13,2025-02-07,21,https://www.vlr.gg/429400/fut-esports-vs-team-liquid-champions-tour-2025-emea-kickoff-lr4
Abyss,TL,nAts,cypher,225,16,12,9,1,True,7‑13,2025-02-07,21,https://www.vlr.gg/429400/fut-esports-vs-team-liquid-champions-tour-2025-emea-kickoff-lr4
Abyss,TL,Keiko,omen,170,13,10,4,1,True,7‑13,2025-02-07,21,https://www.vlr.gg/429400/fut-esports-vs-team-liquid-champions-tour-2025-emea-kickoff-lr4
Abyss,TL,paTiTek,kayo,181,12,13,8,2,True,7‑13,2025-02-07,21,https://www.vlr.gg/429400/fut-esports-vs-team-liquid-champions-tour-2025-emea-kickoff-lr4
Abyss,TL,kamo,jett,183,13,15,3,5,True,7‑13,2025-02-07,21,https://www.vlr.gg/429400/fut-esports-vs-team-liquid-champions-tour-2025-emea-kickoff-lr4
Bind,FUT,xeus,raze,268,23,18,3,3,True,13‑11,2025-02-07,21,https://www.vlr.gg/429400/fut-esports-vs-team-liquid-champions-tour-2025-emea-kickoff-lr4
Bind,FUT,qRaxs,kayo,163,15,13,16,1,True,13‑11,2025-02-07,21,https://www.vlr.gg/429400/fut-esports-vs-team-liquid-champions-tour-2025-emea-kickoff-lr4
Bind,FUT,yetujey,cypher,248,21,15,5,4,True,13‑11,2025-02-07,21,https://www.vlr.gg/429400/fut-esports-vs-team-liquid-champions-tour-2025-emea-kickoff-lr4
Bind,FUT,MrFaliN,omen,151,13,16,7,2,True,13‑11,2025-02-07,21,https://www.vlr.gg/429400/fut-esports-vs-team-liquid-champions-tour-2025-emea-kickoff-lr4
Bind,FUT,AtaKaptan,viper,168,12,19,6,0,True,13‑11,2025-02-07,21,https://www.vlr.gg/429400/fut-esports-vs-team-liquid-champions-tour-2025-emea-kickoff-lr4
Bind,TL,Keiko,brimstone,260,25,14,4,1,False,13‑11,2025-02-07,21,https://www.vlr.gg/429400/fut-esports-vs-team-liquid-champions-tour-2025-emea-kickoff-lr4
Bind,TL,kamo,raze,235,18,17,2,6,False,13‑11,2025-02-07,21,https://www.vlr.gg/429400/fut-esports-vs-team-liquid-champions-tour-2025-emea-kickoff-lr4
Bind,TL,paTiTek,skye,169,14,18,5,3,False,13‑11,2025-02-07,21,https://www.vlr.gg/429400/fut-esports-vs-team-liquid-champions-tour-2025-emea-kickoff-lr4
Bind,TL,nAts,viper,175,16,17,0,1,False,13‑11,2025-02-07,21,https://www.vlr.gg/429400/fut-esports-vs-team-liquid-champions-tour-2025-emea-kickoff-lr4
Bind,TL,kamyk,gekko,144,8,18,13,3,False,13‑11,2025-02-07,21,https://www.vlr.gg/429400/fut-esports-vs-team-liquid-champions-tour-2025-emea-kickoff-lr4
Lotus,TH,Wo0t,astra,236,12,13,10,0,False,4‑13,2025-02-08,22,https://www.vlr.gg/429401/team-heretics-vs-team-liquid-champions-tour-2025-emea-kickoff-lbf
Lotus,TH,RieNs,fade,197,11,16,10,1,False,4‑13,2025-02-08,22,https://www.vlr.gg/429401/team-heretics-vs-team-liquid-champions-tour-2025-emea-kickoff-lbf
Lotus,TH,Boo,omen,149,8,14,6,0,False,4‑13,2025-02-08,22,https://www.vlr.gg/429401/team-heretics-vs-team-liquid-champions-tour-2025-emea-kickoff-lbf
Lotus,TH,MiniBoo,raze,165,8,16,2,2,False,4‑13,2025-02-08,22,https://www.vlr.gg/429401/team-heretics-vs-team-liquid-champions-tour-2025-emea-kickoff-lbf
Lotus,TH,benjyfishy,killjoy,88,5,15,4,1,False,4‑13,2025-02-08,22,https://www.vlr.gg/429401/team-heretics-vs-team-liquid-champions-tour-2025-emea-kickoff-lbf
Lotus,TL,Keiko,reyna,307,20,8,7,6,True,4‑13,2025-02-08,22,https://www.vlr.gg/429401/team-heretics-vs-team-liquid-champions-tour-2025-emea-kickoff-lbf
Lotus,TL,kamo,raze,275,16,10,6,2,True,4‑13,2025-02-08,22,https://www.vlr.gg/429401/team-heretics-vs-team-liquid-champions-tour-2025-emea-kickoff-lbf
Lotus,TL,kamyk,clove,283,19,12,9,1,True,4‑13,2025-02-08,22,https://www.vlr.gg/429401/team-heretics-vs-team-liquid-champions-tour-2025-emea-kickoff-lbf
Lotus,TL,nAts,fade,189,13,7,7,3,True,4‑13,2025-02-08,22,https://www.vlr.gg/429401/team-heretics-vs-team-liquid-champions-tour-2025-emea-kickoff-lbf
Lotus,TL,paTiTek,viper,101,6,7,2,1,True,4‑13,2025-02-08,22,https://www.vlr.gg/429401/team-heretics-vs-team-liquid-champions-tour-2025-emea-kickoff-lbf
Abyss,TH,Wo0t,chamber,250,13,15,5,4,False,4‑13,2025-02-08,22,https://www.vlr.gg/429401/team-heretics-vs-team-liquid-champions-tour-2025-emea-kickoff-lbf
Abyss,TH,benjyfishy,tejo,201,12,15,2,1,False,4‑13,2025-02-08,22,https://www.vlr.gg/429401/team-heretics-vs-team-liquid-champions-tour-2025-emea-kickoff-lbf
Abyss,TH,RieNs,sova,150,9,14,1,0,False,4‑13,2025-02-08,22,https://www.vlr.gg/429401/team-heretics-vs-team-liquid-champions-tour-2025-emea-kickoff-lbf
Abyss,TH,Boo,astra,101,6,14,5,1,False,4‑13,2025-02-08,22,https://www.vlr.gg/429401/team-heretics-vs-team-liquid-champions-tour-2025-emea-kickoff-lbf
Abyss,TH,MiniBoo,yoru,129,6,16,3,1,False,4‑13,2025-02-08,22,https://www.vlr.gg/429401/team-heretics-vs-team-liquid-champions-tour-2025-emea-kickoff-lbf
Abyss,TL,paTiTek,kayo,277,17,7,12,3,True,4‑13,2025-02-08,22,https://www.vlr.gg/429401/team-heretics-vs-team-liquid-champions-tour-2025-emea-kickoff-lbf
Abyss,TL,Keiko,omen,239,17,9,4,0,True,4‑13,2025-02-08,22,https://www.vlr.gg/429401/team-heretics-vs-team-liquid-champions-tour-2025-emea-kickoff-lbf
Abyss,TL,nAts,cypher,265,16,10,6,1,True,4‑13,2025-02-08,22,https://www.vlr.gg/429401/team-heretics-vs-team-liquid-champions-tour-2025-emea-kickoff-lbf
Abyss,TL,kamo,jett,231,15,10,2,4,True,4‑13,2025-02-08,22,https://www.vlr.gg/429401/team-heretics-vs-team-liquid-champions-tour-2025-emea-kickoff-lbf
Abyss,TL,kamyk,sova,160,9,10,5,2,True,4‑13,2025-02-08,22,https://www.vlr.gg/429401/team-heretics-vs-team-liquid-champions-tour-2025-emea-kickoff-lbf
